id,kode_provinsi,nama_provinsi,kode_kabupaten_kota,nama_kabupaten_kota,jumlah_investasi,satuan,tahun
1,32,JAWA BARAT,3201,KABUPATEN BOGOR,1198543933250,RUPIAH,2007
2,32,JAWA BARAT,3202,KABUPATEN SUKABUMI,108502571560,RUPIAH,2007
3,32,JAWA BARAT,3203,KABUPATEN CIANJUR,28250000000,RUPIAH,2007
4,32,JAWA BARAT,3204,KABUPATEN BANDUNG,285286977404,RUPIAH,2007
5,32,JAWA BARAT,3205,KABUPATEN GARUT,0,RUPIAH,2007
6,32,JAWA BARAT,3206,KABUPATEN TASIKMALAYA,0,RUPIAH,2007
7,32,JAWA BARAT,3207,KABUPATEN CIAMIS,0,RUPIAH,2007
8,32,JAWA BARAT,3208,KABUPATEN KUNINGAN,0,RUPIAH,2007
9,32,JAWA BARAT,3209,KABUPATEN CIREBON,495440437011,RUPIAH,2007
10,32,JAWA BARAT,3210,KABUPATEN MAJALENGKA,69699386810,RUPIAH,2007
11,32,JAWA BARAT,3211,KABUPATEN SUMEDANG,0,RUPIAH,2007
12,32,JAWA BARAT,3212,KABUPATEN INDRAMAYU,0,RUPIAH,2007
13,32,JAWA BARAT,3213,KABUPATEN SUBANG,124783444000,RUPIAH,2007
14,32,JAWA BARAT,3214,KABUPATEN PURWAKARTA,443986978000,RUPIAH,2007
15,32,JAWA BARAT,3215,KABUPATEN KARAWANG,2953389919673,RUPIAH,2007
16,32,JAWA BARAT,3216,KABUPATEN BEKASI,5763549673849,RUPIAH,2007
17,32,JAWA BARAT,3217,KABUPATEN BANDUNG BARAT,0,RUPIAH,2007
18,32,JAWA BARAT,3218,KABUPATEN PANGANDARAN,0,RUPIAH,2007
19,32,JAWA BARAT,3271,KOTA BOGOR,7730250000,RUPIAH,2007
20,32,JAWA BARAT,3272,KOTA SUKABUMI,0,RUPIAH,2007
21,32,JAWA BARAT,3273,KOTA BANDUNG,341560986723,RUPIAH,2007
22,32,JAWA BARAT,3274,KOTA CIREBON,0,RUPIAH,2007
23,32,JAWA BARAT,3275,KOTA BEKASI,83844920185,RUPIAH,2007
24,32,JAWA BARAT,3276,KOTA DEPOK,292829321653,RUPIAH,2007
25,32,JAWA BARAT,3277,KOTA CIMAHI,0,RUPIAH,2007
26,32,JAWA BARAT,3278,KOTA TASIKMALAYA,0,RUPIAH,2007
27,32,JAWA BARAT,3279,KOTA BANJAR,0,RUPIAH,2007
28,32,JAWA BARAT,3201,KABUPATEN BOGOR,1425425534779,RUPIAH,2008
29,32,JAWA BARAT,3202,KABUPATEN SUKABUMI,275255000000,RUPIAH,2008
30,32,JAWA BARAT,3203,KABUPATEN CIANJUR,12769040274,RUPIAH,2008
31,32,JAWA BARAT,3204,KABUPATEN BANDUNG,375089516700,RUPIAH,2008
32,32,JAWA BARAT,3205,KABUPATEN GARUT,0,RUPIAH,2008
33,32,JAWA BARAT,3206,KABUPATEN TASIKMALAYA,750000000,RUPIAH,2008
34,32,JAWA BARAT,3207,KABUPATEN CIAMIS,3000000000,RUPIAH,2008
35,32,JAWA BARAT,3208,KABUPATEN KUNINGAN,0,RUPIAH,2008
36,32,JAWA BARAT,3209,KABUPATEN CIREBON,13000000000,RUPIAH,2008
37,32,JAWA BARAT,3210,KABUPATEN MAJALENGKA,0,RUPIAH,2008
38,32,JAWA BARAT,3211,KABUPATEN SUMEDANG,1534409819904,RUPIAH,2008
39,32,JAWA BARAT,3212,KABUPATEN INDRAMAYU,0,RUPIAH,2008
40,32,JAWA BARAT,3213,KABUPATEN SUBANG,16525923913,RUPIAH,2008
41,32,JAWA BARAT,3214,KABUPATEN PURWAKARTA,244856450000,RUPIAH,2008
42,32,JAWA BARAT,3215,KABUPATEN KARAWANG,4661724795876,RUPIAH,2008
43,32,JAWA BARAT,3216,KABUPATEN BEKASI,10607823135645,RUPIAH,2008
44,32,JAWA BARAT,3217,KABUPATEN BANDUNG BARAT,0,RUPIAH,2008
45,32,JAWA BARAT,3218,KABUPATEN PANGANDARAN,0,RUPIAH,2008
46,32,JAWA BARAT,3271,KOTA BOGOR,215036939185,RUPIAH,2008
47,32,JAWA BARAT,3272,KOTA SUKABUMI,0,RUPIAH,2008
48,32,JAWA BARAT,3273,KOTA BANDUNG,1627484123532,RUPIAH,2008
49,32,JAWA BARAT,3274,KOTA CIREBON,0,RUPIAH,2008
50,32,JAWA BARAT,3275,KOTA BEKASI,1818574712090,RUPIAH,2008
51,32,JAWA BARAT,3276,KOTA DEPOK,2625853698724,RUPIAH,2008
52,32,JAWA BARAT,3277,KOTA CIMAHI,59220430108,RUPIAH,2008
53,32,JAWA BARAT,3278,KOTA TASIKMALAYA,9776001514,RUPIAH,2008
54,32,JAWA BARAT,3279,KOTA BANJAR,0,RUPIAH,2008
55,32,JAWA BARAT,3201,KABUPATEN BOGOR,3684455031596,RUPIAH,2009
56,32,JAWA BARAT,3202,KABUPATEN SUKABUMI,627438332500,RUPIAH,2009
57,32,JAWA BARAT,3203,KABUPATEN CIANJUR,0,RUPIAH,2009
58,32,JAWA BARAT,3204,KABUPATEN BANDUNG,169777844480,RUPIAH,2009
59,32,JAWA BARAT,3205,KABUPATEN GARUT,0,RUPIAH,2009
60,32,JAWA BARAT,3206,KABUPATEN TASIKMALAYA,0,RUPIAH,2009
61,32,JAWA BARAT,3207,KABUPATEN CIAMIS,0,RUPIAH,2009
62,32,JAWA BARAT,3208,KABUPATEN KUNINGAN,0,RUPIAH,2009
63,32,JAWA BARAT,3209,KABUPATEN CIREBON,2293887280000,RUPIAH,2009
64,32,JAWA BARAT,3210,KABUPATEN MAJALENGKA,20026928000,RUPIAH,2009
65,32,JAWA BARAT,3211,KABUPATEN SUMEDANG,0,RUPIAH,2009
66,32,JAWA BARAT,3212,KABUPATEN INDRAMAYU,0,RUPIAH,2009
67,32,JAWA BARAT,3213,KABUPATEN SUBANG,241436960000,RUPIAH,2009
68,32,JAWA BARAT,3214,KABUPATEN PURWAKARTA,6937079090500,RUPIAH,2009
69,32,JAWA BARAT,3215,KABUPATEN KARAWANG,3212020449127,RUPIAH,2009
70,32,JAWA BARAT,3216,KABUPATEN BEKASI,7869195492667,RUPIAH,2009
71,32,JAWA BARAT,3217,KABUPATEN BANDUNG BARAT,11500000000,RUPIAH,2009
72,32,JAWA BARAT,3218,KABUPATEN PANGANDARAN,0,RUPIAH,2009
73,32,JAWA BARAT,3271,KOTA BOGOR,14808167200,RUPIAH,2009
74,32,JAWA BARAT,3272,KOTA SUKABUMI,0,RUPIAH,2009
75,32,JAWA BARAT,3273,KOTA BANDUNG,168384928000,RUPIAH,2009
76,32,JAWA BARAT,3274,KOTA CIREBON,0,RUPIAH,2009
77,32,JAWA BARAT,3275,KOTA BEKASI,512333495500,RUPIAH,2009
78,32,JAWA BARAT,3276,KOTA DEPOK,236198459865,RUPIAH,2009
79,32,JAWA BARAT,3277,KOTA CIMAHI,46873425000,RUPIAH,2009
80,32,JAWA BARAT,3278,KOTA TASIKMALAYA,0,RUPIAH,2009
81,32,JAWA BARAT,3279,KOTA BANJAR,0,RUPIAH,2009
82,32,JAWA BARAT,3201,KABUPATEN BOGOR,2288003957073,RUPIAH,2010
83,32,JAWA BARAT,3202,KABUPATEN SUKABUMI,109333558000,RUPIAH,2010
84,32,JAWA BARAT,3203,KABUPATEN CIANJUR,54418000,RUPIAH,2010
85,32,JAWA BARAT,3204,KABUPATEN BANDUNG,568786077046,RUPIAH,2010
86,32,JAWA BARAT,3205,KABUPATEN GARUT,27209000,RUPIAH,2010
87,32,JAWA BARAT,3206,KABUPATEN TASIKMALAYA,1500000000,RUPIAH,2010
88,32,JAWA BARAT,3207,KABUPATEN CIAMIS,0,RUPIAH,2010
89,32,JAWA BARAT,3208,KABUPATEN KUNINGAN,54418000,RUPIAH,2010
90,32,JAWA BARAT,3209,KABUPATEN CIREBON,3950817471753,RUPIAH,2010
91,32,JAWA BARAT,3210,KABUPATEN MAJALENGKA,259225631753,RUPIAH,2010
92,32,JAWA BARAT,3211,KABUPATEN SUMEDANG,47916000000,RUPIAH,2010
93,32,JAWA BARAT,3212,KABUPATEN INDRAMAYU,259225631753,RUPIAH,2010
94,32,JAWA BARAT,3213,KABUPATEN SUBANG,367097411753,RUPIAH,2010
95,32,JAWA BARAT,3214,KABUPATEN PURWAKARTA,2385161331241,RUPIAH,2010
96,32,JAWA BARAT,3215,KABUPATEN KARAWANG,3862316342900,RUPIAH,2010
97,32,JAWA BARAT,3216,KABUPATEN BEKASI,11778250079859,RUPIAH,2010
98,32,JAWA BARAT,3217,KABUPATEN BANDUNG BARAT,33108002444,RUPIAH,2010
99,32,JAWA BARAT,3218,KABUPATEN PANGANDARAN,0,RUPIAH,2010
100,32,JAWA BARAT,3271,KOTA BOGOR,163747209000,RUPIAH,2010
101,32,JAWA BARAT,3272,KOTA SUKABUMI,5626920000,RUPIAH,2010
102,32,JAWA BARAT,3273,KOTA BANDUNG,855457502923,RUPIAH,2010
103,32,JAWA BARAT,3274,KOTA CIREBON,62500000000,RUPIAH,2010
104,32,JAWA BARAT,3275,KOTA BEKASI,72303578190,RUPIAH,2010
105,32,JAWA BARAT,3276,KOTA DEPOK,844332007600,RUPIAH,2010
106,32,JAWA BARAT,3277,KOTA CIMAHI,27227611400,RUPIAH,2010
107,32,JAWA BARAT,3278,KOTA TASIKMALAYA,0,RUPIAH,2010
108,32,JAWA BARAT,3279,KOTA BANJAR,0,RUPIAH,2010
109,32,JAWA BARAT,3201,KABUPATEN BOGOR,2031606377939,RUPIAH,2011
110,32,JAWA BARAT,3202,KABUPATEN SUKABUMI,362962787078,RUPIAH,2011
111,32,JAWA BARAT,3203,KABUPATEN CIANJUR,150400000000,RUPIAH,2011
112,32,JAWA BARAT,3204,KABUPATEN BANDUNG,215010559614,RUPIAH,2011
113,32,JAWA BARAT,3205,KABUPATEN GARUT,200000000,RUPIAH,2011
114,32,JAWA BARAT,3206,KABUPATEN TASIKMALAYA,0,RUPIAH,2011
115,32,JAWA BARAT,3207,KABUPATEN CIAMIS,0,RUPIAH,2011
116,32,JAWA BARAT,3208,KABUPATEN KUNINGAN,3069000000,RUPIAH,2011
117,32,JAWA BARAT,3209,KABUPATEN CIREBON,6988333381345,RUPIAH,2011
118,32,JAWA BARAT,3210,KABUPATEN MAJALENGKA,16308598805,RUPIAH,2011
119,32,JAWA BARAT,3211,KABUPATEN SUMEDANG,6400941456,RUPIAH,2011
120,32,JAWA BARAT,3212,KABUPATEN INDRAMAYU,16308598805,RUPIAH,2011
121,32,JAWA BARAT,3213,KABUPATEN SUBANG,47658898805,RUPIAH,2011
122,32,JAWA BARAT,3214,KABUPATEN PURWAKARTA,1267366180661,RUPIAH,2011
123,32,JAWA BARAT,3215,KABUPATEN KARAWANG,5237704216736,RUPIAH,2011
124,32,JAWA BARAT,3216,KABUPATEN BEKASI,10626990080406,RUPIAH,2011
125,32,JAWA BARAT,3217,KABUPATEN BANDUNG BARAT,75712770663,RUPIAH,2011
126,32,JAWA BARAT,3218,KABUPATEN PANGANDARAN,0,RUPIAH,2011
127,32,JAWA BARAT,3271,KOTA BOGOR,304318852400,RUPIAH,2011
128,32,JAWA BARAT,3272,KOTA SUKABUMI,0,RUPIAH,2011
129,32,JAWA BARAT,3273,KOTA BANDUNG,9016289000990,RUPIAH,2011
130,32,JAWA BARAT,3274,KOTA CIREBON,281764086200,RUPIAH,2011
131,32,JAWA BARAT,3275,KOTA BEKASI,84570704102,RUPIAH,2011
132,32,JAWA BARAT,3276,KOTA DEPOK,4647097146960,RUPIAH,2011
133,32,JAWA BARAT,3277,KOTA CIMAHI,58350528200,RUPIAH,2011
134,32,JAWA BARAT,3278,KOTA TASIKMALAYA,0,RUPIAH,2011
135,32,JAWA BARAT,3279,KOTA BANJAR,7207807525,RUPIAH,2011
136,32,JAWA BARAT,3201,KABUPATEN BOGOR,1561132942335,RUPIAH,2012
137,32,JAWA BARAT,3202,KABUPATEN SUKABUMI,827117204655,RUPIAH,2012
138,32,JAWA BARAT,3203,KABUPATEN CIANJUR,107856000000,RUPIAH,2012
139,32,JAWA BARAT,3204,KABUPATEN BANDUNG,980943376551,RUPIAH,2012
140,32,JAWA BARAT,3205,KABUPATEN GARUT,0,RUPIAH,2012
141,32,JAWA BARAT,3206,KABUPATEN TASIKMALAYA,0,RUPIAH,2012
142,32,JAWA BARAT,3207,KABUPATEN CIAMIS,0,RUPIAH,2012
143,32,JAWA BARAT,3208,KABUPATEN KUNINGAN,36640000000,RUPIAH,2012
144,32,JAWA BARAT,3209,KABUPATEN CIREBON,561909639833,RUPIAH,2012
145,32,JAWA BARAT,3210,KABUPATEN MAJALENGKA,0,RUPIAH,2012
146,32,JAWA BARAT,3211,KABUPATEN SUMEDANG,156166218215,RUPIAH,2012
147,32,JAWA BARAT,3212,KABUPATEN INDRAMAYU,115459500000,RUPIAH,2012
148,32,JAWA BARAT,3213,KABUPATEN SUBANG,427334990700,RUPIAH,2012
149,32,JAWA BARAT,3214,KABUPATEN PURWAKARTA,3686512847698,RUPIAH,2012
150,32,JAWA BARAT,3215,KABUPATEN KARAWANG,8408696270742,RUPIAH,2012
151,32,JAWA BARAT,3216,KABUPATEN BEKASI,15241038566788,RUPIAH,2012
152,32,JAWA BARAT,3217,KABUPATEN BANDUNG BARAT,420585216068,RUPIAH,2012
153,32,JAWA BARAT,3218,KABUPATEN PANGANDARAN,0,RUPIAH,2012
154,32,JAWA BARAT,3271,KOTA BOGOR,824335104700,RUPIAH,2012
155,32,JAWA BARAT,3272,KOTA SUKABUMI,13333591980,RUPIAH,2012
156,32,JAWA BARAT,3273,KOTA BANDUNG,624103940700,RUPIAH,2012
157,32,JAWA BARAT,3274,KOTA CIREBON,59234855000,RUPIAH,2012
158,32,JAWA BARAT,3275,KOTA BEKASI,452438836481,RUPIAH,2012
159,32,JAWA BARAT,3276,KOTA DEPOK,1948200041190,RUPIAH,2012
160,32,JAWA BARAT,3277,KOTA CIMAHI,189173003205,RUPIAH,2012
161,32,JAWA BARAT,3278,KOTA TASIKMALAYA,7031753843,RUPIAH,2012
162,32,JAWA BARAT,3279,KOTA BANJAR,7310000000,RUPIAH,2012
163,32,JAWA BARAT,3201,KABUPATEN BOGOR,1626669924000,RUPIAH,2013
164,32,JAWA BARAT,3202,KABUPATEN SUKABUMI,811381869000,RUPIAH,2013
165,32,JAWA BARAT,3203,KABUPATEN CIANJUR,163861263000,RUPIAH,2013
166,32,JAWA BARAT,3204,KABUPATEN BANDUNG,628121433000,RUPIAH,2013
167,32,JAWA BARAT,3205,KABUPATEN GARUT,10020315000,RUPIAH,2013
168,32,JAWA BARAT,3206,KABUPATEN TASIKMALAYA,8134989000,RUPIAH,2013
169,32,JAWA BARAT,3207,KABUPATEN CIAMIS,0,RUPIAH,2013
170,32,JAWA BARAT,3208,KABUPATEN KUNINGAN,10024209000,RUPIAH,2013
171,32,JAWA BARAT,3209,KABUPATEN CIREBON,188528088000,RUPIAH,2013
172,32,JAWA BARAT,3210,KABUPATEN MAJALENGKA,212475513000,RUPIAH,2013
173,32,JAWA BARAT,3211,KABUPATEN SUMEDANG,184303191000,RUPIAH,2013
174,32,JAWA BARAT,3212,KABUPATEN INDRAMAYU,127867416000,RUPIAH,2013
175,32,JAWA BARAT,3213,KABUPATEN SUBANG,543593364000,RUPIAH,2013
176,32,JAWA BARAT,3214,KABUPATEN PURWAKARTA,6136647564000,RUPIAH,2013
177,32,JAWA BARAT,3215,KABUPATEN KARAWANG,36272453547000,RUPIAH,2013
178,32,JAWA BARAT,3216,KABUPATEN BEKASI,17781798843000,RUPIAH,2013
179,32,JAWA BARAT,3217,KABUPATEN BANDUNG BARAT,109361853000,RUPIAH,2013
180,32,JAWA BARAT,3218,KABUPATEN PANGANDARAN,0,RUPIAH,2013
181,32,JAWA BARAT,3271,KOTA BOGOR,83031705000,RUPIAH,2013
182,32,JAWA BARAT,3272,KOTA SUKABUMI,9600000000,RUPIAH,2013
183,32,JAWA BARAT,3273,KOTA BANDUNG,183836466000,RUPIAH,2013
184,32,JAWA BARAT,3274,KOTA CIREBON,145737969000,RUPIAH,2013
185,32,JAWA BARAT,3275,KOTA BEKASI,1765112076000,RUPIAH,2013
186,32,JAWA BARAT,3276,KOTA DEPOK,445231944000,RUPIAH,2013
187,32,JAWA BARAT,3277,KOTA CIMAHI,0,RUPIAH,2013
188,32,JAWA BARAT,3278,KOTA TASIKMALAYA,53111040000,RUPIAH,2013
189,32,JAWA BARAT,3279,KOTA BANJAR,0,RUPIAH,2013
190,32,JAWA BARAT,3201,KABUPATEN BOGOR,3327501600000,RUPIAH,2014
191,32,JAWA BARAT,3202,KABUPATEN SUKABUMI,2943193390000,RUPIAH,2014
192,32,JAWA BARAT,3203,KABUPATEN CIANJUR,1110225300000,RUPIAH,2014
193,32,JAWA BARAT,3204,KABUPATEN BANDUNG,662833050000,RUPIAH,2014
194,32,JAWA BARAT,3205,KABUPATEN GARUT,120022510000,RUPIAH,2014
195,32,JAWA BARAT,3206,KABUPATEN TASIKMALAYA,16996350000,RUPIAH,2014
196,32,JAWA BARAT,3207,KABUPATEN CIAMIS,0,RUPIAH,2014
197,32,JAWA BARAT,3208,KABUPATEN KUNINGAN,9381360000,RUPIAH,2014
198,32,JAWA BARAT,3209,KABUPATEN CIREBON,63590950000,RUPIAH,2014
199,32,JAWA BARAT,3210,KABUPATEN MAJALENGKA,24480000000,RUPIAH,2014
200,32,JAWA BARAT,3211,KABUPATEN SUMEDANG,254532380000,RUPIAH,2014
201,32,JAWA BARAT,3212,KABUPATEN INDRAMAYU,593380590000,RUPIAH,2014
202,32,JAWA BARAT,3213,KABUPATEN SUBANG,443638790000,RUPIAH,2014
203,32,JAWA BARAT,3214,KABUPATEN PURWAKARTA,13179273680000,RUPIAH,2014
204,32,JAWA BARAT,3215,KABUPATEN KARAWANG,20213531400000,RUPIAH,2014
205,32,JAWA BARAT,3216,KABUPATEN BEKASI,24386794650000,RUPIAH,2014
206,32,JAWA BARAT,3217,KABUPATEN BANDUNG BARAT,407790140000,RUPIAH,2014
207,32,JAWA BARAT,3218,KABUPATEN PANGANDARAN,0,RUPIAH,2014
208,32,JAWA BARAT,3271,KOTA BOGOR,152087350000,RUPIAH,2014
209,32,JAWA BARAT,3272,KOTA SUKABUMI,0,RUPIAH,2014
210,32,JAWA BARAT,3273,KOTA BANDUNG,185280250000,RUPIAH,2014
211,32,JAWA BARAT,3274,KOTA CIREBON,70701240000,RUPIAH,2014
212,32,JAWA BARAT,3275,KOTA BEKASI,389063640000,RUPIAH,2014
213,32,JAWA BARAT,3276,KOTA DEPOK,2415768390000,RUPIAH,2014
214,32,JAWA BARAT,3277,KOTA CIMAHI,15750000000,RUPIAH,2014
215,32,JAWA BARAT,3278,KOTA TASIKMALAYA,571200000,RUPIAH,2014
216,32,JAWA BARAT,3279,KOTA BANJAR,0,RUPIAH,2014
217,32,JAWA BARAT,3201,KABUPATEN BOGOR,2056908750000,RUPIAH,2015
218,32,JAWA BARAT,3202,KABUPATEN SUKABUMI,4392851250000,RUPIAH,2015
219,32,JAWA BARAT,3203,KABUPATEN CIANJUR,629271250000,RUPIAH,2015
220,32,JAWA BARAT,3204,KABUPATEN BANDUNG,477685000000,RUPIAH,2015
221,32,JAWA BARAT,3205,KABUPATEN GARUT,200785000000,RUPIAH,2015
222,32,JAWA BARAT,3206,KABUPATEN TASIKMALAYA,6947500000,RUPIAH,2015
223,32,JAWA BARAT,3207,KABUPATEN CIAMIS,0,RUPIAH,2015
224,32,JAWA BARAT,3208,KABUPATEN KUNINGAN,5641250000,RUPIAH,2015
225,32,JAWA BARAT,3209,KABUPATEN CIREBON,190050000000,RUPIAH,2015
226,32,JAWA BARAT,3210,KABUPATEN MAJALENGKA,353321250000,RUPIAH,2015
227,32,JAWA BARAT,3211,KABUPATEN SUMEDANG,354166250000,RUPIAH,2015
228,32,JAWA BARAT,3212,KABUPATEN INDRAMAYU,827563750000,RUPIAH,2015
229,32,JAWA BARAT,3213,KABUPATEN SUBANG,2418376250000,RUPIAH,2015
230,32,JAWA BARAT,3214,KABUPATEN PURWAKARTA,4939275000000,RUPIAH,2015
231,32,JAWA BARAT,3215,KABUPATEN KARAWANG,17813837500000,RUPIAH,2015
232,32,JAWA BARAT,3216,KABUPATEN BEKASI,28039438750000,RUPIAH,2015
233,32,JAWA BARAT,3217,KABUPATEN BANDUNG BARAT,206681250000,RUPIAH,2015
234,32,JAWA BARAT,3218,KABUPATEN PANGANDARAN,0,RUPIAH,2015
235,32,JAWA BARAT,3271,KOTA BOGOR,264878750000,RUPIAH,2015
236,32,JAWA BARAT,3272,KOTA SUKABUMI,75607500000,RUPIAH,2015
237,32,JAWA BARAT,3273,KOTA BANDUNG,6914310000000,RUPIAH,2015
238,32,JAWA BARAT,3274,KOTA CIREBON,154208750000,RUPIAH,2015
239,32,JAWA BARAT,3275,KOTA BEKASI,821216250000,RUPIAH,2015
240,32,JAWA BARAT,3276,KOTA DEPOK,550528750000,RUPIAH,2015
241,32,JAWA BARAT,3277,KOTA CIMAHI,30322500000,RUPIAH,2015
242,32,JAWA BARAT,3278,KOTA TASIKMALAYA,10056250000,RUPIAH,2015
243,32,JAWA BARAT,3279,KOTA BANJAR,0,RUPIAH,2015
244,32,JAWA BARAT,3201,KABUPATEN BOGOR,5121959869261,RUPIAH,2016
245,32,JAWA BARAT,3202,KABUPATEN SUKABUMI,968039009190,RUPIAH,2016
246,32,JAWA BARAT,3203,KABUPATEN CIANJUR,725297662205,RUPIAH,2016
247,32,JAWA BARAT,3204,KABUPATEN BANDUNG,436294226204,RUPIAH,2016
248,32,JAWA BARAT,3205,KABUPATEN GARUT,183014161644,RUPIAH,2016
249,32,JAWA BARAT,3206,KABUPATEN TASIKMALAYA,5004003215,RUPIAH,2016
250,32,JAWA BARAT,3207,KABUPATEN CIAMIS,0,RUPIAH,2016
251,32,JAWA BARAT,3208,KABUPATEN KUNINGAN,59447913525,RUPIAH,2016
252,32,JAWA BARAT,3209,KABUPATEN CIREBON,1266876237978,RUPIAH,2016
253,32,JAWA BARAT,3210,KABUPATEN MAJALENGKA,131391403339,RUPIAH,2016
254,32,JAWA BARAT,3211,KABUPATEN SUMEDANG,240725829877,RUPIAH,2016
255,32,JAWA BARAT,3212,KABUPATEN INDRAMAYU,15653242591,RUPIAH,2016
256,32,JAWA BARAT,3213,KABUPATEN SUBANG,841129041815,RUPIAH,2016
257,32,JAWA BARAT,3214,KABUPATEN PURWAKARTA,2217755625685,RUPIAH,2016
258,32,JAWA BARAT,3215,KABUPATEN KARAWANG,17768009898013,RUPIAH,2016
259,32,JAWA BARAT,3216,KABUPATEN BEKASI,41365144730823,RUPIAH,2016
260,32,JAWA BARAT,3217,KABUPATEN BANDUNG BARAT,136026301330,RUPIAH,2016
261,32,JAWA BARAT,3218,KABUPATEN PANGANDARAN,0,RUPIAH,2016
262,32,JAWA BARAT,3271,KOTA BOGOR,455646572793,RUPIAH,2016
263,32,JAWA BARAT,3272,KOTA SUKABUMI,10917063403,RUPIAH,2016
264,32,JAWA BARAT,3273,KOTA BANDUNG,780246802750,RUPIAH,2016
265,32,JAWA BARAT,3274,KOTA CIREBON,192706493551,RUPIAH,2016
266,32,JAWA BARAT,3275,KOTA BEKASI,1468245355013,RUPIAH,2016
267,32,JAWA BARAT,3276,KOTA DEPOK,482613489181,RUPIAH,2016
268,32,JAWA BARAT,3277,KOTA CIMAHI,74522240773,RUPIAH,2016
269,32,JAWA BARAT,3278,KOTA TASIKMALAYA,41385489469,RUPIAH,2016
270,32,JAWA BARAT,3279,KOTA BANJAR,0,RUPIAH,2016
271,32,JAWA BARAT,3201,KABUPATEN BOGOR,4258425050000,RUPIAH,2017
272,32,JAWA BARAT,3202,KABUPATEN SUKABUMI,418603030000,RUPIAH,2017
273,32,JAWA BARAT,3203,KABUPATEN CIANJUR,434594880000,RUPIAH,2017
274,32,JAWA BARAT,3204,KABUPATEN BANDUNG,596026340000,RUPIAH,2017
275,32,JAWA BARAT,3205,KABUPATEN GARUT,136967390000,RUPIAH,2017
276,32,JAWA BARAT,3206,KABUPATEN TASIKMALAYA,48639320000,RUPIAH,2017
277,32,JAWA BARAT,3207,KABUPATEN CIAMIS,814720000,RUPIAH,2017
278,32,JAWA BARAT,3208,KABUPATEN KUNINGAN,98817020000,RUPIAH,2017
279,32,JAWA BARAT,3209,KABUPATEN CIREBON,4576390990000,RUPIAH,2017
280,32,JAWA BARAT,3210,KABUPATEN MAJALENGKA,950068120000,RUPIAH,2017
281,32,JAWA BARAT,3211,KABUPATEN SUMEDANG,241510030000,RUPIAH,2017
282,32,JAWA BARAT,3212,KABUPATEN INDRAMAYU,316932500000,RUPIAH,2017
283,32,JAWA BARAT,3213,KABUPATEN SUBANG,1013403710000,RUPIAH,2017
284,32,JAWA BARAT,3214,KABUPATEN PURWAKARTA,2105250410000,RUPIAH,2017
285,32,JAWA BARAT,3215,KABUPATEN KARAWANG,20633058720000,RUPIAH,2017
286,32,JAWA BARAT,3216,KABUPATEN BEKASI,26442936590000,RUPIAH,2017
287,32,JAWA BARAT,3217,KABUPATEN BANDUNG BARAT,823740250000,RUPIAH,2017
288,32,JAWA BARAT,3218,KABUPATEN PANGANDARAN,0,RUPIAH,2017
289,32,JAWA BARAT,3271,KOTA BOGOR,248975640000,RUPIAH,2017
290,32,JAWA BARAT,3272,KOTA SUKABUMI,0,RUPIAH,2017
291,32,JAWA BARAT,3273,KOTA BANDUNG,1082916060000,RUPIAH,2017
292,32,JAWA BARAT,3274,KOTA CIREBON,259566360000,RUPIAH,2017
293,32,JAWA BARAT,3275,KOTA BEKASI,2640853070000,RUPIAH,2017
294,32,JAWA BARAT,3276,KOTA DEPOK,1015511190000,RUPIAH,2017
295,32,JAWA BARAT,3277,KOTA CIMAHI,312968600000,RUPIAH,2017
296,32,JAWA BARAT,3278,KOTA TASIKMALAYA,8806480000,RUPIAH,2017
297,32,JAWA BARAT,3279,KOTA BANJAR,0,RUPIAH,2017
298,32,JAWA BARAT,3201,KABUPATEN BOGOR,4954720331137,RUPIAH,2018
299,32,JAWA BARAT,3202,KABUPATEN SUKABUMI,614292087285,RUPIAH,2018
300,32,JAWA BARAT,3203,KABUPATEN CIANJUR,40985231297,RUPIAH,2018
301,32,JAWA BARAT,3204,KABUPATEN BANDUNG,377413592730,RUPIAH,2018
302,32,JAWA BARAT,3205,KABUPATEN GARUT,170508276615,RUPIAH,2018
303,32,JAWA BARAT,3206,KABUPATEN TASIKMALAYA,73866160629,RUPIAH,2018
304,32,JAWA BARAT,3207,KABUPATEN CIAMIS,179559965,RUPIAH,2018
305,32,JAWA BARAT,3208,KABUPATEN KUNINGAN,68555735715,RUPIAH,2018
306,32,JAWA BARAT,3209,KABUPATEN CIREBON,3841014452206,RUPIAH,2018
307,32,JAWA BARAT,3210,KABUPATEN MAJALENGKA,1220680815162,RUPIAH,2018
308,32,JAWA BARAT,3211,KABUPATEN SUMEDANG,107835153744,RUPIAH,2018
309,32,JAWA BARAT,3212,KABUPATEN INDRAMAYU,115668782570,RUPIAH,2018
310,32,JAWA BARAT,3213,KABUPATEN SUBANG,1025243234345,RUPIAH,2018
311,32,JAWA BARAT,3214,KABUPATEN PURWAKARTA,5828543447035,RUPIAH,2018
312,32,JAWA BARAT,3215,KABUPATEN KARAWANG,11635516208199,RUPIAH,2018
313,32,JAWA BARAT,3216,KABUPATEN BEKASI,39056638848412,RUPIAH,2018
314,32,JAWA BARAT,3217,KABUPATEN BANDUNG BARAT,769875426334,RUPIAH,2018
315,32,JAWA BARAT,3218,KABUPATEN PANGANDARAN,12059997675,RUPIAH,2018
316,32,JAWA BARAT,3271,KOTA BOGOR,272509075523,RUPIAH,2018
317,32,JAWA BARAT,3272,KOTA SUKABUMI,929959961,RUPIAH,2018
318,32,JAWA BARAT,3273,KOTA BANDUNG,269059908221,RUPIAH,2018
319,32,JAWA BARAT,3274,KOTA CIREBON,38868038275,RUPIAH,2018
320,32,JAWA BARAT,3275,KOTA BEKASI,3697706518787,RUPIAH,2018
321,32,JAWA BARAT,3276,KOTA DEPOK,462971300925,RUPIAH,2018
322,32,JAWA BARAT,3277,KOTA CIMAHI,29516179030,RUPIAH,2018
323,32,JAWA BARAT,3278,KOTA TASIKMALAYA,0,RUPIAH,2018
324,32,JAWA BARAT,3279,KOTA BANJAR,0,RUPIAH,2018
325,32,JAWA BARAT,3201,KABUPATEN BOGOR,4766165486960,RUPIAH,2019
326,32,JAWA BARAT,3202,KABUPATEN SUKABUMI,367021534363,RUPIAH,2019
327,32,JAWA BARAT,3203,KABUPATEN CIANJUR,283177483191,RUPIAH,2019
328,32,JAWA BARAT,3204,KABUPATEN BANDUNG,3181456692471,RUPIAH,2019
329,32,JAWA BARAT,3205,KABUPATEN GARUT,150992983947,RUPIAH,2019
330,32,JAWA BARAT,3206,KABUPATEN TASIKMALAYA,0,RUPIAH,2019
331,32,JAWA BARAT,3207,KABUPATEN CIAMIS,0,RUPIAH,2019
332,32,JAWA BARAT,3208,KABUPATEN KUNINGAN,261000000,RUPIAH,2019
333,32,JAWA BARAT,3209,KABUPATEN CIREBON,8943776242671,RUPIAH,2019
334,32,JAWA BARAT,3210,KABUPATEN MAJALENGKA,404791498930,RUPIAH,2019
335,32,JAWA BARAT,3211,KABUPATEN SUMEDANG,2833500211,RUPIAH,2019
336,32,JAWA BARAT,3212,KABUPATEN INDRAMAYU,1466513739784,RUPIAH,2019
337,32,JAWA BARAT,3213,KABUPATEN SUBANG,927455991278,RUPIAH,2019
338,32,JAWA BARAT,3214,KABUPATEN PURWAKARTA,5236232759521,RUPIAH,2019
339,32,JAWA BARAT,3215,KABUPATEN KARAWANG,21324422160737,RUPIAH,2019
340,32,JAWA BARAT,3216,KABUPATEN BEKASI,27152530850601,RUPIAH,2019
341,32,JAWA BARAT,3217,KABUPATEN BANDUNG BARAT,4082571889299,RUPIAH,2019
342,32,JAWA BARAT,3218,KABUPATEN PANGANDARAN,100500014,RUPIAH,2019
343,32,JAWA BARAT,3271,KOTA BOGOR,30437995410,RUPIAH,2019
344,32,JAWA BARAT,3272,KOTA SUKABUMI,11105998397,RUPIAH,2019
345,32,JAWA BARAT,3273,KOTA BANDUNG,3792603025661,RUPIAH,2019
346,32,JAWA BARAT,3274,KOTA CIREBON,7711499219,RUPIAH,2019
347,32,JAWA BARAT,3275,KOTA BEKASI,3154301900991,RUPIAH,2019
348,32,JAWA BARAT,3276,KOTA DEPOK,1694923580781,RUPIAH,2019
349,32,JAWA BARAT,3277,KOTA CIMAHI,1234288309385,RUPIAH,2019
350,32,JAWA BARAT,3278,KOTA TASIKMALAYA,0,RUPIAH,2019
351,32,JAWA BARAT,3279,KOTA BANJAR,0,RUPIAH,2019
352,32,JAWA BARAT,3201,KABUPATEN BOGOR,2859502432029,RUPIAH,2020
353,32,JAWA BARAT,3202,KABUPATEN SUKABUMI,211651265540,RUPIAH,2020
354,32,JAWA BARAT,3203,KABUPATEN CIANJUR,85155875088,RUPIAH,2020
355,32,JAWA BARAT,3204,KABUPATEN BANDUNG,2849642855667,RUPIAH,2020
356,32,JAWA BARAT,3205,KABUPATEN GARUT,403758811857,RUPIAH,2020
357,32,JAWA BARAT,3206,KABUPATEN TASIKMALAYA,0,RUPIAH,2020
358,32,JAWA BARAT,3207,KABUPATEN CIAMIS,59040009,RUPIAH,2020
359,32,JAWA BARAT,3208,KABUPATEN KUNINGAN,44140328935,RUPIAH,2020
360,32,JAWA BARAT,3209,KABUPATEN CIREBON,4676737221361,RUPIAH,2020
361,32,JAWA BARAT,3210,KABUPATEN MAJALENGKA,198433508909,RUPIAH,2020
362,32,JAWA BARAT,3211,KABUPATEN SUMEDANG,37535050065,RUPIAH,2020
363,32,JAWA BARAT,3212,KABUPATEN INDRAMAYU,189061993364,RUPIAH,2020
364,32,JAWA BARAT,3213,KABUPATEN SUBANG,4172205500779,RUPIAH,2020
365,32,JAWA BARAT,3214,KABUPATEN PURWAKARTA,3690863736520,RUPIAH,2020
366,32,JAWA BARAT,3215,KABUPATEN KARAWANG,14239563318049,RUPIAH,2020
367,32,JAWA BARAT,3216,KABUPATEN BEKASI,25912458957938,RUPIAH,2020
368,32,JAWA BARAT,3217,KABUPATEN BANDUNG BARAT,2942579036773,RUPIAH,2020
369,32,JAWA BARAT,3218,KABUPATEN PANGANDARAN,0,RUPIAH,2020
370,32,JAWA BARAT,3271,KOTA BOGOR,81819390165,RUPIAH,2020
371,32,JAWA BARAT,3272,KOTA SUKABUMI,3862081223,RUPIAH,2020
372,32,JAWA BARAT,3273,KOTA BANDUNG,2001959226968,RUPIAH,2020
373,32,JAWA BARAT,3274,KOTA CIREBON,10064161679,RUPIAH,2020
374,32,JAWA BARAT,3275,KOTA BEKASI,2872652699709,RUPIAH,2020
375,32,JAWA BARAT,3276,KOTA DEPOK,712444573552,RUPIAH,2020
376,32,JAWA BARAT,3277,KOTA CIMAHI,829546833817,RUPIAH,2020
377,32,JAWA BARAT,3278,KOTA TASIKMALAYA,3706561025,RUPIAH,2020
378,32,JAWA BARAT,3279,KOTA BANJAR,0,RUPIAH,2020
379,32,JAWA BARAT,3201,KABUPATEN BOGOR,4643024772343,RUPIAH,2021
380,32,JAWA BARAT,3202,KABUPATEN SUKABUMI,48552300106,RUPIAH,2021
381,32,JAWA BARAT,3203,KABUPATEN CIANJUR,22018258716,RUPIAH,2021
382,32,JAWA BARAT,3204,KABUPATEN BANDUNG,1155662698516,RUPIAH,2021
383,32,JAWA BARAT,3205,KABUPATEN GARUT,832634990440,RUPIAH,2021
384,32,JAWA BARAT,3206,KABUPATEN TASIKMALAYA,0,RUPIAH,2021
385,32,JAWA BARAT,3207,KABUPATEN CIAMIS,109499971,RUPIAH,2021
386,32,JAWA BARAT,3208,KABUPATEN KUNINGAN,202939924,RUPIAH,2021
387,32,JAWA BARAT,3209,KABUPATEN CIREBON,4766583292005,RUPIAH,2021
388,32,JAWA BARAT,3210,KABUPATEN MAJALENGKA,548614049053,RUPIAH,2021
389,32,JAWA BARAT,3211,KABUPATEN SUMEDANG,79680950689,RUPIAH,2021
390,32,JAWA BARAT,3212,KABUPATEN INDRAMAYU,124518968463,RUPIAH,2021
391,32,JAWA BARAT,3213,KABUPATEN SUBANG,2592201690611,RUPIAH,2021
392,32,JAWA BARAT,3214,KABUPATEN PURWAKARTA,2198391771420,RUPIAH,2021
393,32,JAWA BARAT,3215,KABUPATEN KARAWANG,18625324429368,RUPIAH,2021
394,32,JAWA BARAT,3216,KABUPATEN BEKASI,31485980177221,RUPIAH,2021
395,32,JAWA BARAT,3217,KABUPATEN BANDUNG BARAT,2625796493202,RUPIAH,2021
396,32,JAWA BARAT,3218,KABUPATEN PANGANDARAN,0,RUPIAH,2021
397,32,JAWA BARAT,3271,KOTA BOGOR,258065207486,RUPIAH,2021
398,32,JAWA BARAT,3272,KOTA SUKABUMI,319739856,RUPIAH,2021
399,32,JAWA BARAT,3273,KOTA BANDUNG,2489111180560,RUPIAH,2021
400,32,JAWA BARAT,3274,KOTA CIREBON,7543819169,RUPIAH,2021
401,32,JAWA BARAT,3275,KOTA BEKASI,3029161733071,RUPIAH,2021
402,32,JAWA BARAT,3276,KOTA DEPOK,287110453452,RUPIAH,2021
403,32,JAWA BARAT,3277,KOTA CIMAHI,357264808191,RUPIAH,2021
404,32,JAWA BARAT,3278,KOTA TASIKMALAYA,404419836,RUPIAH,2021
405,32,JAWA BARAT,3279,KOTA BANJAR,0,RUPIAH,2021
406,32,JAWA BARAT,3201,KABUPATEN BOGOR,1891370325550,RUPIAH,2022
407,32,JAWA BARAT,3202,KABUPATEN SUKABUMI,1117445781766,RUPIAH,2022
408,32,JAWA BARAT,3203,KABUPATEN CIANJUR,739663462578,RUPIAH,2022
409,32,JAWA BARAT,3204,KABUPATEN BANDUNG,2642608884768,RUPIAH,2022
410,32,JAWA BARAT,3205,KABUPATEN GARUT,717949208751,RUPIAH,2022
411,32,JAWA BARAT,3206,KABUPATEN TASIKMALAYA,22034420823,RUPIAH,2022
412,32,JAWA BARAT,3207,KABUPATEN CIAMIS,15400413484,RUPIAH,2022
413,32,JAWA BARAT,3208,KABUPATEN KUNINGAN,90426556716,RUPIAH,2022
414,32,JAWA BARAT,3209,KABUPATEN CIREBON,2349547760286,RUPIAH,2022
415,32,JAWA BARAT,3210,KABUPATEN MAJALENGKA,864520097077,RUPIAH,2022
416,32,JAWA BARAT,3211,KABUPATEN SUMEDANG,530113514481,RUPIAH,2022
417,32,JAWA BARAT,3212,KABUPATEN INDRAMAYU,776675152221,RUPIAH,2022
418,32,JAWA BARAT,3213,KABUPATEN SUBANG,1307620923811,RUPIAH,2022
419,32,JAWA BARAT,3214,KABUPATEN PURWAKARTA,5704059709449,RUPIAH,2022
420,32,JAWA BARAT,3215,KABUPATEN KARAWANG,28854401977375,RUPIAH,2022
421,32,JAWA BARAT,3216,KABUPATEN BEKASI,29148981210629,RUPIAH,2022
422,32,JAWA BARAT,3217,KABUPATEN BANDUNG BARAT,5593226067466,RUPIAH,2022
423,32,JAWA BARAT,3218,KABUPATEN PANGANDARAN,10573081457,RUPIAH,2022
424,32,JAWA BARAT,3271,KOTA BOGOR,269490171678,RUPIAH,2022
425,32,JAWA BARAT,3272,KOTA SUKABUMI,14296899572,RUPIAH,2022
426,32,JAWA BARAT,3273,KOTA BANDUNG,3855564520252,RUPIAH,2022
427,32,JAWA BARAT,3274,KOTA CIREBON,573100330659,RUPIAH,2022
428,32,JAWA BARAT,3275,KOTA BEKASI,4400172557830,RUPIAH,2022
429,32,JAWA BARAT,3276,KOTA DEPOK,764639774871,RUPIAH,2022
430,32,JAWA BARAT,3277,KOTA CIMAHI,1515114895566,RUPIAH,2022
431,32,JAWA BARAT,3278,KOTA TASIKMALAYA,365924852,RUPIAH,2022
432,32,JAWA BARAT,3279,KOTA BANJAR,4304999,RUPIAH,2022
